event_id,event_time,event_date,project_id,agent_id,agent_session_id,path,method,status_code,latency_ms,request_size_bytes,response_size_bytes,request_headers,request_body,query_params,post_data,response_headers,response_body,request_content_type,response_content_type,custom_properties,error,metadata,created_at
3fad4287-f2cd-49a7-9656-89d536398593,2026-03-28 14:28:34,2026-03-28,7dbed27d-6216-49ca-8bdb-f16eeffd8948,a45703b4-5d8c-4c70-8cf2-af07b204603c,d3b8deff-d35a-447b-a48b-20b29c0683dd,/api/v1/threads/messages,POST,204,180.26,8160,7154,"{""Content-Type"": ""text/plain"", ""Authorization"": ""Bearer <token>""}","{""prompt"": ""sample input""}",,,"{""Content-Type"": ""application/json""}","{""result"": ""ok""}",text/plain,application/json,,,,2026-03-28 14:28:34
3beb08d8-f722-4c38-8b65-f94ee85395d9,2026-03-29 18:47:04,2026-03-29,7dbed27d-6216-49ca-8bdb-f16eeffd8948,a45703b4-5d8c-4c70-8cf2-af07b204603c,35631c99-81d9-4714-b808-3bf48aa3350d,/api/v1/files/upload,GET,200,440.69,1768,7851,"{""Content-Type"": ""text/plain"", ""Authorization"": ""Bearer <token>""}",,"{""limit"": ""50""}",,"{""Content-Type"": ""application/json""}","{""result"": ""ok""}",text/plain,application/json,,,,2026-03-29 18:47:04
ded4ba0e-1e32-4115-9eec-1dc0a02d552f,2026-03-27 16:44:40,2026-03-27,7dbed27d-6216-49ca-8bdb-f16eeffd8948,a45703b4-5d8c-4c70-8cf2-af07b204603c,5bd02cf0-f452-4af9-8ce7-578a25ba1f4d,/api/v1/runs,PUT,201,308.15,4980,11117,"{""Content-Type"": ""application/json"", ""Authorization"": ""Bearer <token>""}","{""prompt"": ""sample input""}",,,"{""Content-Type"": ""application/json""}","{""result"": ""ok""}",application/json,application/json,,,,2026-03-27 16:44:40
8b6cdd47-41e6-4d10-b0b1-c23dd640e364,2026-03-28 11:53:00,2026-03-28,7dbed27d-6216-49ca-8bdb-f16eeffd8948,a45703b4-5d8c-4c70-8cf2-af07b204603c,62a0a054-a5cb-4db5-b2d7-b818103c522f,/api/v1/memory/store,POST,201,170.42,7587,7634,"{""Content-Type"": ""multipart/form-data"", ""Authorization"": ""Bearer <token>""}","{""prompt"": ""sample input""}",,,"{""Content-Type"": ""application/json""}","{""result"": ""ok""}",multipart/form-data,application/json,,,,2026-03-28 11:53:00
77868197-b30e-46a1-9094-585357116b5d,2026-03-27 19:02:27,2026-03-27,7dbed27d-6216-49ca-8bdb-f16eeffd8948,a45703b4-5d8c-4c70-8cf2-af07b204603c,d3b8deff-d35a-447b-a48b-20b29c0683dd,/api/v1/threads/messages,POST,204,535.96,6771,2427,"{""Content-Type"": ""multipart/form-data"", ""Authorization"": ""Bearer <token>""}","{""prompt"": ""sample input""}",,,"{""Content-Type"": ""application/json""}","{""result"": ""ok""}",multipart/form-data,application/json,,,,2026-03-27 19:02:27
68836017-6b1c-4df0-804b-a6fbf6dc1c48,2026-03-28 06:00:28,2026-03-28,7dbed27d-6216-49ca-8bdb-f16eeffd8948,a45703b4-5d8c-4c70-8cf2-af07b204603c,35631c99-81d9-4714-b808-3bf48aa3350d,/api/v1/memory/store,POST,200,196.05,3285,5554,"{""Content-Type"": ""application/json"", ""Authorization"": ""Bearer <token>""}","{""prompt"": ""sample input""}",,,"{""Content-Type"": ""application/json""}","{""result"": ""ok""}",application/json,application/json,,,,2026-03-28 06:00:28
9d306fec-49f9-41aa-bc79-d36bcfb60258,2026-03-26 12:00:00,2026-03-26,7dbed27d-6216-49ca-8bdb-f16eeffd8948,a45703b4-5d8c-4c70-8cf2-af07b204603c,2a3f4b58-321d-420a-bc10-7af440cef229,/api/v1/files/upload,POST,403,4533.79,7793,74,"{""Content-Type"": ""text/plain"", ""Authorization"": ""Bearer <token>""}","{""prompt"": ""sample input""}",,,"{""Content-Type"": ""application/json""}","{""error"": ""Invalid API key or token expired""}",text/plain,application/json,,Invalid API key or token expired,,2026-03-26 12:00:00
6fc8fb2b-0088-4788-86b6-ded477610118,2026-03-28 14:06:41,2026-03-28,7dbed27d-6216-49ca-8bdb-f16eeffd8948,a45703b4-5d8c-4c70-8cf2-af07b204603c,d3b8deff-d35a-447b-a48b-20b29c0683dd,/api/v1/files/upload,POST,204,69.37,3209,447,"{""Content-Type"": ""text/plain"", ""Authorization"": ""Bearer <token>""}","{""prompt"": ""sample input""}",,,"{""Content-Type"": ""application/json""}","{""result"": ""ok""}",text/plain,application/json,,,,2026-03-28 14:06:41
ec3ede6d-b33c-4f9e-8088-db4069a5dd41,2026-03-30 16:21:32,2026-03-30,7dbed27d-6216-49ca-8bdb-f16eeffd8948,a45703b4-5d8c-4c70-8cf2-af07b204603c,cfee640f-3cd5-414f-87ee-e38c16dfa82c,/api/v1/files/upload,POST,200,562.28,6541,14860,"{""Content-Type"": ""application/json"", ""Authorization"": ""Bearer <token>""}","{""prompt"": ""sample input""}",,,"{""Content-Type"": ""application/json""}","{""result"": ""ok""}",application/json,application/json,,,,2026-03-30 16:21:32
3babbc15-dcf7-4e64-adae-02a733b532da,2026-03-28 22:06:15,2026-03-28,7dbed27d-6216-49ca-8bdb-f16eeffd8948,a45703b4-5d8c-4c70-8cf2-af07b204603c,d3b8deff-d35a-447b-a48b-20b29c0683dd,/api/v1/threads/messages,POST,200,256.42,2732,14861,"{""Content-Type"": ""multipart/form-data"", ""Authorization"": ""Bearer <token>""}","{""prompt"": ""sample input""}",,,"{""Content-Type"": ""application/json""}","{""result"": ""ok""}",multipart/form-data,application/json,,,,2026-03-28 22:06:15
62b1c895-00d2-4bc7-b4a6-d4c0b11b67b7,2026-03-29 07:32:33,2026-03-29,7dbed27d-6216-49ca-8bdb-f16eeffd8948,a45703b4-5d8c-4c70-8cf2-af07b204603c,d3b8deff-d35a-447b-a48b-20b29c0683dd,/api/v1/threads/messages,PUT,200,44.02,3767,8618,"{""Content-Type"": ""text/plain"", ""Authorization"": ""Bearer <token>""}","{""prompt"": ""sample input""}",,,"{""Content-Type"": ""application/json""}","{""result"": ""ok""}",text/plain,application/json,,,,2026-03-29 07:32:33
c14501d9-e5ad-431f-b56e-53c318fb589b,2026-03-28 13:40:32,2026-03-28,7dbed27d-6216-49ca-8bdb-f16eeffd8948,a45703b4-5d8c-4c70-8cf2-af07b204603c,35631c99-81d9-4714-b808-3bf48aa3350d,/api/v1/memory/store,POST,200,390.78,7318,2553,"{""Content-Type"": ""text/plain"", ""Authorization"": ""Bearer <token>""}","{""prompt"": ""sample input""}",,,"{""Content-Type"": ""application/json""}","{""result"": ""ok""}",text/plain,application/json,,,,2026-03-28 13:40:32
e07660ef-0572-457d-a698-da7731fdf8ab,2026-03-29 21:50:18,2026-03-29,7dbed27d-6216-49ca-8bdb-f16eeffd8948,a45703b4-5d8c-4c70-8cf2-af07b204603c,cfee640f-3cd5-414f-87ee-e38c16dfa82c,/api/v1/memory/retrieve,GET,200,506.06,5727,2313,"{""Content-Type"": ""multipart/form-data"", ""Authorization"": ""Bearer <token>""}",,"{""limit"": ""50""}",,"{""Content-Type"": ""application/json""}","{""result"": ""ok""}",multipart/form-data,application/json,,,,2026-03-29 21:50:18
19f733e0-51fa-4828-a6a9-f93b65b0eed7,2026-03-29 20:06:49,2026-03-29,7dbed27d-6216-49ca-8bdb-f16eeffd8948,a45703b4-5d8c-4c70-8cf2-af07b204603c,cfee640f-3cd5-414f-87ee-e38c16dfa82c,/api/v1/runs,POST,200,547.62,2034,559,"{""Content-Type"": ""application/json"", ""Authorization"": ""Bearer <token>""}","{""prompt"": ""sample input""}",,,"{""Content-Type"": ""application/json""}","{""result"": ""ok""}",application/json,application/json,,,,2026-03-29 20:06:49
6856a3ca-bc6b-4a01-b44b-582e9d6e70b5,2026-03-26 06:18:26,2026-03-26,7dbed27d-6216-49ca-8bdb-f16eeffd8948,a45703b4-5d8c-4c70-8cf2-af07b204603c,2a3f4b58-321d-420a-bc10-7af440cef229,/api/v1/files/upload,GET,204,114.22,7368,12499,"{""Content-Type"": ""application/json"", ""Authorization"": ""Bearer <token>""}",,"{""limit"": ""50""}",,"{""Content-Type"": ""application/json""}","{""result"": ""ok""}",application/json,application/json,,,,2026-03-26 06:18:26
48c0f971-1915-4679-a9c5-4b017e4663f1,2026-03-27 06:06:38,2026-03-27,7dbed27d-6216-49ca-8bdb-f16eeffd8948,a45703b4-5d8c-4c70-8cf2-af07b204603c,e402bcb2-54aa-4f64-8461-b2da14040a0b,/api/v1/threads/messages,DELETE,200,167.44,5638,12976,"{""Content-Type"": ""text/plain"", ""Authorization"": ""Bearer <token>""}",,,,"{""Content-Type"": ""application/json""}","{""result"": ""ok""}",text/plain,application/json,,,,2026-03-27 06:06:38
1c07b2a1-aadb-40ca-afa4-adcc7d0cb10d,2026-03-28 20:09:33,2026-03-28,7dbed27d-6216-49ca-8bdb-f16eeffd8948,a45703b4-5d8c-4c70-8cf2-af07b204603c,2a3f4b58-321d-420a-bc10-7af440cef229,/api/v1/threads/messages,POST,200,134.27,7091,11675,"{""Content-Type"": ""application/json"", ""Authorization"": ""Bearer <token>""}","{""prompt"": ""sample input""}",,,"{""Content-Type"": ""application/json""}","{""result"": ""ok""}",application/json,application/json,,,,2026-03-28 20:09:33
72a018f3-c55f-49fc-ae75-7d4a84ccc688,2026-03-26 13:21:11,2026-03-26,7dbed27d-6216-49ca-8bdb-f16eeffd8948,a45703b4-5d8c-4c70-8cf2-af07b204603c,2a3f4b58-321d-420a-bc10-7af440cef229,/api/v1/tools/search,POST,201,164.68,5609,16101,"{""Content-Type"": ""application/json"", ""Authorization"": ""Bearer <token>""}","{""prompt"": ""sample input""}",,,"{""Content-Type"": ""application/json""}","{""result"": ""ok""}",application/json,application/json,,,,2026-03-26 13:21:11
d3d98e35-fb3f-40aa-8be2-db645bdce8c3,2026-03-30 03:15:47,2026-03-30,7dbed27d-6216-49ca-8bdb-f16eeffd8948,a45703b4-5d8c-4c70-8cf2-af07b204603c,35631c99-81d9-4714-b808-3bf48aa3350d,/api/v1/threads/messages,POST,200,547.83,1488,14171,"{""Content-Type"": ""multipart/form-data"", ""Authorization"": ""Bearer <token>""}","{""prompt"": ""sample input""}",,,"{""Content-Type"": ""application/json""}","{""result"": ""ok""}",multipart/form-data,application/json,,,,2026-03-30 03:15:47
f56a7165-7b2b-42a8-9006-47159ac73e68,2026-03-30 14:11:40,2026-03-30,7dbed27d-6216-49ca-8bdb-f16eeffd8948,a45703b4-5d8c-4c70-8cf2-af07b204603c,d3b8deff-d35a-447b-a48b-20b29c0683dd,/api/v1/threads/messages,DELETE,204,487.1,6878,16384,"{""Content-Type"": ""text/plain"", ""Authorization"": ""Bearer <token>""}",,,,"{""Content-Type"": ""application/json""}","{""result"": ""ok""}",text/plain,application/json,,,,2026-03-30 14:11:40
b5dcf61d-d85f-4d23-96c1-54e539a29536,2026-03-27 12:45:42,2026-03-27,7dbed27d-6216-49ca-8bdb-f16eeffd8948,a45703b4-5d8c-4c70-8cf2-af07b204603c,5bd02cf0-f452-4af9-8ce7-578a25ba1f4d,/api/v1/runs,DELETE,204,139.43,3930,14882,"{""Content-Type"": ""text/plain"", ""Authorization"": ""Bearer <token>""}",,,,"{""Content-Type"": ""application/json""}","{""result"": ""ok""}",text/plain,application/json,,,,2026-03-27 12:45:42
37c69697-2343-4ee0-975d-ee15891a54ff,2026-03-29 02:56:02,2026-03-29,7dbed27d-6216-49ca-8bdb-f16eeffd8948,a45703b4-5d8c-4c70-8cf2-af07b204603c,2a3f4b58-321d-420a-bc10-7af440cef229,/api/v1/embeddings,POST,200,354.21,7401,10367,"{""Content-Type"": ""multipart/form-data"", ""Authorization"": ""Bearer <token>""}","{""prompt"": ""sample input""}",,,"{""Content-Type"": ""application/json""}","{""result"": ""ok""}",multipart/form-data,application/json,,,,2026-03-29 02:56:02
628d2a1d-41cd-428f-a109-5abf7b43339d,2026-03-29 01:58:06,2026-03-29,7dbed27d-6216-49ca-8bdb-f16eeffd8948,a45703b4-5d8c-4c70-8cf2-af07b204603c,d3b8deff-d35a-447b-a48b-20b29c0683dd,/api/v1/tools/search,GET,200,293.98,4690,12029,"{""Content-Type"": ""multipart/form-data"", ""Authorization"": ""Bearer <token>""}",,"{""limit"": ""50""}",,"{""Content-Type"": ""application/json""}","{""result"": ""ok""}",multipart/form-data,application/json,,,,2026-03-29 01:58:06
67e9ede3-be77-482c-bcd7-81b9eba711cf,2026-03-27 04:28:54,2026-03-27,7dbed27d-6216-49ca-8bdb-f16eeffd8948,a45703b4-5d8c-4c70-8cf2-af07b204603c,e402bcb2-54aa-4f64-8461-b2da14040a0b,/api/v1/tools/search,POST,204,92.29,6541,8794,"{""Content-Type"": ""application/json"", ""Authorization"": ""Bearer <token>""}","{""prompt"": ""sample input""}",,,"{""Content-Type"": ""application/json""}","{""result"": ""ok""}",application/json,application/json,,,,2026-03-27 04:28:54
a19278b3-0438-43ab-84c5-b6252a7877fd,2026-03-29 20:04:13,2026-03-29,7dbed27d-6216-49ca-8bdb-f16eeffd8948,a45703b4-5d8c-4c70-8cf2-af07b204603c,d3b8deff-d35a-447b-a48b-20b29c0683dd,/api/v1/threads,POST,204,386.7,4210,10016,"{""Content-Type"": ""application/json"", ""Authorization"": ""Bearer <token>""}","{""prompt"": ""sample input""}",,,"{""Content-Type"": ""application/json""}","{""result"": ""ok""}",application/json,application/json,,,,2026-03-29 20:04:13
63f19f67-88b5-491d-b9ca-801f6e48b9b5,2026-03-28 10:17:56,2026-03-28,7dbed27d-6216-49ca-8bdb-f16eeffd8948,a45703b4-5d8c-4c70-8cf2-af07b204603c,2a3f4b58-321d-420a-bc10-7af440cef229,/api/v1/threads,POST,201,267.82,2785,1962,"{""Content-Type"": ""text/plain"", ""Authorization"": ""Bearer <token>""}","{""prompt"": ""sample input""}",,,"{""Content-Type"": ""application/json""}","{""result"": ""ok""}",text/plain,application/json,,,,2026-03-28 10:17:56
83e429c1-5793-4433-8ec4-acab4c26f887,2026-03-27 21:59:49,2026-03-27,7dbed27d-6216-49ca-8bdb-f16eeffd8948,a45703b4-5d8c-4c70-8cf2-af07b204603c,d3b8deff-d35a-447b-a48b-20b29c0683dd,/api/v1/models,PUT,204,524.39,4073,533,"{""Content-Type"": ""application/json"", ""Authorization"": ""Bearer <token>""}","{""prompt"": ""sample input""}",,,"{""Content-Type"": ""application/json""}","{""result"": ""ok""}",application/json,application/json,,,,2026-03-27 21:59:49
0fa6e87e-de2a-4b93-8a5d-0ab925cf38d1,2026-03-28 12:55:40,2026-03-28,7dbed27d-6216-49ca-8bdb-f16eeffd8948,a45703b4-5d8c-4c70-8cf2-af07b204603c,2a3f4b58-321d-420a-bc10-7af440cef229,/api/v1/models,GET,200,386.19,6946,1101,"{""Content-Type"": ""multipart/form-data"", ""Authorization"": ""Bearer <token>""}",,"{""limit"": ""50""}",,"{""Content-Type"": ""application/json""}","{""result"": ""ok""}",multipart/form-data,application/json,,,,2026-03-28 12:55:40
e5c2911f-2c4c-446d-91b0-8aefdb4f1c80,2026-03-28 03:55:24,2026-03-28,7dbed27d-6216-49ca-8bdb-f16eeffd8948,a45703b4-5d8c-4c70-8cf2-af07b204603c,5bd02cf0-f452-4af9-8ce7-578a25ba1f4d,/api/v1/memory/store,POST,200,287.92,3891,2283,"{""Content-Type"": ""text/plain"", ""Authorization"": ""Bearer <token>""}","{""prompt"": ""sample input""}",,,"{""Content-Type"": ""application/json""}","{""result"": ""ok""}",text/plain,application/json,,,,2026-03-28 03:55:24
26597df7-27c7-4e7b-ad72-d190b0c5bd29,2026-03-27 11:50:27,2026-03-27,7dbed27d-6216-49ca-8bdb-f16eeffd8948,a45703b4-5d8c-4c70-8cf2-af07b204603c,cfee640f-3cd5-414f-87ee-e38c16dfa82c,/api/v1/files/upload,POST,201,459.06,4875,3831,"{""Content-Type"": ""application/json"", ""Authorization"": ""Bearer <token>""}","{""prompt"": ""sample input""}",,,"{""Content-Type"": ""application/json""}","{""result"": ""ok""}",application/json,application/json,,,,2026-03-27 11:50:27
e7a6e802-2df5-4848-bff3-1dad5f8dc7cf,2026-03-26 19:34:17,2026-03-26,7dbed27d-6216-49ca-8bdb-f16eeffd8948,a45703b4-5d8c-4c70-8cf2-af07b204603c,5bd02cf0-f452-4af9-8ce7-578a25ba1f4d,/api/v1/models,PUT,204,519.64,6647,12959,"{""Content-Type"": ""application/json"", ""Authorization"": ""Bearer <token>""}","{""prompt"": ""sample input""}",,,"{""Content-Type"": ""application/json""}","{""result"": ""ok""}",application/json,application/json,,,,2026-03-26 19:34:17
1929c11e-5287-40c2-a8f4-13240490ed26,2026-03-29 07:21:44,2026-03-29,7dbed27d-6216-49ca-8bdb-f16eeffd8948,a45703b4-5d8c-4c70-8cf2-af07b204603c,5bd02cf0-f452-4af9-8ce7-578a25ba1f4d,/api/v1/threads,GET,200,155.53,3356,6523,"{""Content-Type"": ""application/json"", ""Authorization"": ""Bearer <token>""}",,"{""limit"": ""50""}",,"{""Content-Type"": ""application/json""}","{""result"": ""ok""}",application/json,application/json,,,,2026-03-29 07:21:44
6f0d98a2-5f4f-4310-9292-8eb8f2ee075b,2026-03-26 12:30:38,2026-03-26,7dbed27d-6216-49ca-8bdb-f16eeffd8948,a45703b4-5d8c-4c70-8cf2-af07b204603c,35631c99-81d9-4714-b808-3bf48aa3350d,/api/v1/memory/retrieve,GET,200,532.83,6956,5885,"{""Content-Type"": ""text/plain"", ""Authorization"": ""Bearer <token>""}",,"{""limit"": ""50""}",,"{""Content-Type"": ""application/json""}","{""result"": ""ok""}",text/plain,application/json,,,,2026-03-26 12:30:38
6cf6184d-e309-42f0-8ef9-79c45aece747,2026-03-29 21:41:08,2026-03-29,7dbed27d-6216-49ca-8bdb-f16eeffd8948,a45703b4-5d8c-4c70-8cf2-af07b204603c,5bd02cf0-f452-4af9-8ce7-578a25ba1f4d,/api/v1/runs,POST,204,82.67,6803,2769,"{""Content-Type"": ""text/plain"", ""Authorization"": ""Bearer <token>""}","{""prompt"": ""sample input""}",,,"{""Content-Type"": ""application/json""}","{""result"": ""ok""}",text/plain,application/json,,,,2026-03-29 21:41:08
fa84809f-2f79-46d3-b474-9303f8d4676a,2026-03-26 12:50:08,2026-03-26,7dbed27d-6216-49ca-8bdb-f16eeffd8948,a45703b4-5d8c-4c70-8cf2-af07b204603c,d3b8deff-d35a-447b-a48b-20b29c0683dd,/api/v1/chat/completions,POST,200,462.47,3977,3616,"{""Content-Type"": ""multipart/form-data"", ""Authorization"": ""Bearer <token>""}","{""prompt"": ""sample input""}",,,"{""Content-Type"": ""application/json""}","{""result"": ""ok""}",multipart/form-data,application/json,,,,2026-03-26 12:50:08
e4a08ff6-c3b2-4059-acc4-d55b45791901,2026-03-29 21:29:51,2026-03-29,7dbed27d-6216-49ca-8bdb-f16eeffd8948,a45703b4-5d8c-4c70-8cf2-af07b204603c,5bd02cf0-f452-4af9-8ce7-578a25ba1f4d,/api/v1/memory/retrieve,POST,200,210.38,1586,6166,"{""Content-Type"": ""application/json"", ""Authorization"": ""Bearer <token>""}","{""prompt"": ""sample input""}",,,"{""Content-Type"": ""application/json""}","{""result"": ""ok""}",application/json,application/json,,,,2026-03-29 21:29:51
5f449380-9b19-436e-bf20-25622c86db83,2026-03-29 00:28:01,2026-03-29,7dbed27d-6216-49ca-8bdb-f16eeffd8948,a45703b4-5d8c-4c70-8cf2-af07b204603c,5bd02cf0-f452-4af9-8ce7-578a25ba1f4d,/api/v1/memory/store,GET,200,431.86,607,5547,"{""Content-Type"": ""multipart/form-data"", ""Authorization"": ""Bearer <token>""}",,"{""limit"": ""50""}",,"{""Content-Type"": ""application/json""}","{""result"": ""ok""}",multipart/form-data,application/json,,,,2026-03-29 00:28:01
1051d721-385c-4855-ba5d-669199aa68d0,2026-03-29 01:44:28,2026-03-29,7dbed27d-6216-49ca-8bdb-f16eeffd8948,a45703b4-5d8c-4c70-8cf2-af07b204603c,2a3f4b58-321d-420a-bc10-7af440cef229,/api/v1/files/upload,POST,200,258.17,1765,966,"{""Content-Type"": ""text/plain"", ""Authorization"": ""Bearer <token>""}","{""prompt"": ""sample input""}",,,"{""Content-Type"": ""application/json""}","{""result"": ""ok""}",text/plain,application/json,,,,2026-03-29 01:44:28
b1c5a00d-3f98-43bc-a5c2-86c6ac1c319c,2026-03-28 19:14:41,2026-03-28,7dbed27d-6216-49ca-8bdb-f16eeffd8948,a45703b4-5d8c-4c70-8cf2-af07b204603c,e402bcb2-54aa-4f64-8461-b2da14040a0b,/api/v1/files/upload,GET,201,162.27,6646,5383,"{""Content-Type"": ""application/json"", ""Authorization"": ""Bearer <token>""}",,"{""limit"": ""50""}",,"{""Content-Type"": ""application/json""}","{""result"": ""ok""}",application/json,application/json,,,,2026-03-28 19:14:41
b19cf72f-4d7b-4c3a-92d8-a511d2beac60,2026-03-29 00:58:16,2026-03-29,7dbed27d-6216-49ca-8bdb-f16eeffd8948,a45703b4-5d8c-4c70-8cf2-af07b204603c,d3b8deff-d35a-447b-a48b-20b29c0683dd,/api/v1/threads,GET,204,310.17,4222,14556,"{""Content-Type"": ""application/json"", ""Authorization"": ""Bearer <token>""}",,"{""limit"": ""50""}",,"{""Content-Type"": ""application/json""}","{""result"": ""ok""}",application/json,application/json,,,,2026-03-29 00:58:16
2813140c-5323-423d-9042-06a7dcc37ada,2026-03-30 06:41:15,2026-03-30,7dbed27d-6216-49ca-8bdb-f16eeffd8948,a45703b4-5d8c-4c70-8cf2-af07b204603c,d3b8deff-d35a-447b-a48b-20b29c0683dd,/api/v1/runs,POST,200,89.98,3018,14584,"{""Content-Type"": ""multipart/form-data"", ""Authorization"": ""Bearer <token>""}","{""prompt"": ""sample input""}",,,"{""Content-Type"": ""application/json""}","{""result"": ""ok""}",multipart/form-data,application/json,,,,2026-03-30 06:41:15
db4125ed-e2dc-44e5-a548-6e4135f11978,2026-03-27 04:10:11,2026-03-27,7dbed27d-6216-49ca-8bdb-f16eeffd8948,a45703b4-5d8c-4c70-8cf2-af07b204603c,35631c99-81d9-4714-b808-3bf48aa3350d,/api/v1/memory/store,POST,204,536.98,3717,9998,"{""Content-Type"": ""application/json"", ""Authorization"": ""Bearer <token>""}","{""prompt"": ""sample input""}",,,"{""Content-Type"": ""application/json""}","{""result"": ""ok""}",application/json,application/json,,,,2026-03-27 04:10:11
c849867c-cac1-4ee1-bd32-136965046516,2026-03-27 06:18:30,2026-03-27,7dbed27d-6216-49ca-8bdb-f16eeffd8948,a45703b4-5d8c-4c70-8cf2-af07b204603c,5bd02cf0-f452-4af9-8ce7-578a25ba1f4d,/api/v1/files/upload,POST,404,2678.13,1319,347,"{""Content-Type"": ""application/json"", ""Authorization"": ""Bearer <token>""}","{""prompt"": ""sample input""}",,,"{""Content-Type"": ""application/json""}","{""error"": ""Upstream service unavailable""}",application/json,application/json,,Upstream service unavailable,,2026-03-27 06:18:30
d3219559-b57f-4bc0-87c6-88bbffb81a70,2026-03-28 20:44:03,2026-03-28,7dbed27d-6216-49ca-8bdb-f16eeffd8948,a45703b4-5d8c-4c70-8cf2-af07b204603c,e402bcb2-54aa-4f64-8461-b2da14040a0b,/api/v1/files/upload,POST,201,161.9,5387,4016,"{""Content-Type"": ""text/plain"", ""Authorization"": ""Bearer <token>""}","{""prompt"": ""sample input""}",,,"{""Content-Type"": ""application/json""}","{""result"": ""ok""}",text/plain,application/json,,,,2026-03-28 20:44:03
e6be55e3-80cb-4523-b77f-c83911f9d834,2026-03-29 02:44:57,2026-03-29,7dbed27d-6216-49ca-8bdb-f16eeffd8948,a45703b4-5d8c-4c70-8cf2-af07b204603c,5bd02cf0-f452-4af9-8ce7-578a25ba1f4d,/api/v1/models,POST,200,305.93,406,4399,"{""Content-Type"": ""multipart/form-data"", ""Authorization"": ""Bearer <token>""}","{""prompt"": ""sample input""}",,,"{""Content-Type"": ""application/json""}","{""result"": ""ok""}",multipart/form-data,application/json,,,,2026-03-29 02:44:57
becdaefa-e957-47cc-b353-64895b6a67ac,2026-03-26 13:53:27,2026-03-26,7dbed27d-6216-49ca-8bdb-f16eeffd8948,a45703b4-5d8c-4c70-8cf2-af07b204603c,62a0a054-a5cb-4db5-b2d7-b818103c522f,/api/v1/threads,PUT,201,97.76,2547,12036,"{""Content-Type"": ""multipart/form-data"", ""Authorization"": ""Bearer <token>""}","{""prompt"": ""sample input""}",,,"{""Content-Type"": ""application/json""}","{""result"": ""ok""}",multipart/form-data,application/json,,,,2026-03-26 13:53:27
2bdb9d1f-c4f5-47a7-8013-b1a056fc2784,2026-03-27 02:07:13,2026-03-27,7dbed27d-6216-49ca-8bdb-f16eeffd8948,a45703b4-5d8c-4c70-8cf2-af07b204603c,5bd02cf0-f452-4af9-8ce7-578a25ba1f4d,/api/v1/runs,POST,503,4921.55,3182,186,"{""Content-Type"": ""text/plain"", ""Authorization"": ""Bearer <token>""}","{""prompt"": ""sample input""}",,,"{""Content-Type"": ""application/json""}","{""error"": ""SSL certificate verification failed""}",text/plain,application/json,,SSL certificate verification failed,,2026-03-27 02:07:13
7a47f9a5-0b15-44a8-9f60-d6fd619ba40e,2026-03-29 13:48:00,2026-03-29,7dbed27d-6216-49ca-8bdb-f16eeffd8948,a45703b4-5d8c-4c70-8cf2-af07b204603c,35631c99-81d9-4714-b808-3bf48aa3350d,/api/v1/files/upload,POST,200,128.49,6405,12796,"{""Content-Type"": ""text/plain"", ""Authorization"": ""Bearer <token>""}","{""prompt"": ""sample input""}",,,"{""Content-Type"": ""application/json""}","{""result"": ""ok""}",text/plain,application/json,,,,2026-03-29 13:48:00
e9805543-27d3-4156-a70b-41b4d1820b55,2026-03-26 01:45:05,2026-03-26,7dbed27d-6216-49ca-8bdb-f16eeffd8948,a45703b4-5d8c-4c70-8cf2-af07b204603c,e402bcb2-54aa-4f64-8461-b2da14040a0b,/api/v1/files/upload,GET,200,449.99,3576,12173,"{""Content-Type"": ""text/plain"", ""Authorization"": ""Bearer <token>""}",,"{""limit"": ""50""}",,"{""Content-Type"": ""application/json""}","{""result"": ""ok""}",text/plain,application/json,,,,2026-03-26 01:45:05
651a188e-de9a-4088-a64a-b2860e815393,2026-03-28 14:57:27,2026-03-28,7dbed27d-6216-49ca-8bdb-f16eeffd8948,a45703b4-5d8c-4c70-8cf2-af07b204603c,2a3f4b58-321d-420a-bc10-7af440cef229,/api/v1/memory/retrieve,POST,204,300.26,3304,13216,"{""Content-Type"": ""multipart/form-data"", ""Authorization"": ""Bearer <token>""}","{""prompt"": ""sample input""}",,,"{""Content-Type"": ""application/json""}","{""result"": ""ok""}",multipart/form-data,application/json,,,,2026-03-28 14:57:27
d83a41af-b544-4cd7-a93a-0b9757ee2295,2026-03-28 22:17:59,2026-03-28,7dbed27d-6216-49ca-8bdb-f16eeffd8948,a45703b4-5d8c-4c70-8cf2-af07b204603c,2a3f4b58-321d-420a-bc10-7af440cef229,/api/v1/tools/search,PUT,200,218.59,6436,5415,"{""Content-Type"": ""application/json"", ""Authorization"": ""Bearer <token>""}","{""prompt"": ""sample input""}",,,"{""Content-Type"": ""application/json""}","{""result"": ""ok""}",application/json,application/json,,,,2026-03-28 22:17:59
ac52d1a9-b83a-46a3-a9bd-13f12be7952e,2026-03-26 01:14:14,2026-03-26,7dbed27d-6216-49ca-8bdb-f16eeffd8948,a45703b4-5d8c-4c70-8cf2-af07b204603c,62a0a054-a5cb-4db5-b2d7-b818103c522f,/api/v1/chat/completions,POST,201,553.56,5853,5677,"{""Content-Type"": ""text/plain"", ""Authorization"": ""Bearer <token>""}","{""prompt"": ""sample input""}",,,"{""Content-Type"": ""application/json""}","{""result"": ""ok""}",text/plain,application/json,,,,2026-03-26 01:14:14
b938e67e-56b0-410c-9fd0-3ad91dc41cbc,2026-03-26 03:27:36,2026-03-26,7dbed27d-6216-49ca-8bdb-f16eeffd8948,a45703b4-5d8c-4c70-8cf2-af07b204603c,e402bcb2-54aa-4f64-8461-b2da14040a0b,/api/v1/memory/store,POST,200,497.36,7891,8254,"{""Content-Type"": ""multipart/form-data"", ""Authorization"": ""Bearer <token>""}","{""prompt"": ""sample input""}",,,"{""Content-Type"": ""application/json""}","{""result"": ""ok""}",multipart/form-data,application/json,,,,2026-03-26 03:27:36
8dd14dbb-1547-436e-bdf0-c42c47d406e1,2026-03-27 18:21:40,2026-03-27,7dbed27d-6216-49ca-8bdb-f16eeffd8948,a45703b4-5d8c-4c70-8cf2-af07b204603c,5bd02cf0-f452-4af9-8ce7-578a25ba1f4d,/api/v1/embeddings,DELETE,200,518.54,4773,3088,"{""Content-Type"": ""text/plain"", ""Authorization"": ""Bearer <token>""}",,,,"{""Content-Type"": ""application/json""}","{""result"": ""ok""}",text/plain,application/json,,,,2026-03-27 18:21:40
3e162bbe-381d-47db-8db4-b41e1d75e256,2026-03-27 14:45:50,2026-03-27,7dbed27d-6216-49ca-8bdb-f16eeffd8948,a45703b4-5d8c-4c70-8cf2-af07b204603c,62a0a054-a5cb-4db5-b2d7-b818103c522f,/api/v1/models,GET,200,139.35,6380,6570,"{""Content-Type"": ""application/json"", ""Authorization"": ""Bearer <token>""}",,"{""limit"": ""50""}",,"{""Content-Type"": ""application/json""}","{""result"": ""ok""}",application/json,application/json,,,,2026-03-27 14:45:50
40f5bc9f-0f1c-4c1f-834a-6c887de677d1,2026-03-29 07:46:40,2026-03-29,7dbed27d-6216-49ca-8bdb-f16eeffd8948,a45703b4-5d8c-4c70-8cf2-af07b204603c,cfee640f-3cd5-414f-87ee-e38c16dfa82c,/api/v1/chat/completions,DELETE,204,63.12,6099,14931,"{""Content-Type"": ""text/plain"", ""Authorization"": ""Bearer <token>""}",,,,"{""Content-Type"": ""application/json""}","{""result"": ""ok""}",text/plain,application/json,,,,2026-03-29 07:46:40
8d4a67bb-441d-48f2-af46-b8e7e4b97714,2026-03-29 12:15:24,2026-03-29,7dbed27d-6216-49ca-8bdb-f16eeffd8948,a45703b4-5d8c-4c70-8cf2-af07b204603c,d3b8deff-d35a-447b-a48b-20b29c0683dd,/api/v1/memory/retrieve,POST,201,496.87,352,15154,"{""Content-Type"": ""text/plain"", ""Authorization"": ""Bearer <token>""}","{""prompt"": ""sample input""}",,,"{""Content-Type"": ""application/json""}","{""result"": ""ok""}",text/plain,application/json,,,,2026-03-29 12:15:24
06ff04b1-281a-432f-9cfb-bedd1004b82d,2026-03-29 22:27:43,2026-03-29,7dbed27d-6216-49ca-8bdb-f16eeffd8948,a45703b4-5d8c-4c70-8cf2-af07b204603c,cfee640f-3cd5-414f-87ee-e38c16dfa82c,/api/v1/chat/completions,PUT,201,245.73,7784,3031,"{""Content-Type"": ""multipart/form-data"", ""Authorization"": ""Bearer <token>""}","{""prompt"": ""sample input""}",,,"{""Content-Type"": ""application/json""}","{""result"": ""ok""}",multipart/form-data,application/json,,,,2026-03-29 22:27:43
628b81a2-24e8-4352-b138-3688859f4959,2026-03-28 03:31:32,2026-03-28,7dbed27d-6216-49ca-8bdb-f16eeffd8948,a45703b4-5d8c-4c70-8cf2-af07b204603c,d3b8deff-d35a-447b-a48b-20b29c0683dd,/api/v1/memory/store,POST,201,409.5,6913,15328,"{""Content-Type"": ""text/plain"", ""Authorization"": ""Bearer <token>""}","{""prompt"": ""sample input""}",,,"{""Content-Type"": ""application/json""}","{""result"": ""ok""}",text/plain,application/json,,,,2026-03-28 03:31:32
9acf820d-a665-46d8-80b6-465f2100d0f2,2026-03-28 02:03:47,2026-03-28,7dbed27d-6216-49ca-8bdb-f16eeffd8948,a45703b4-5d8c-4c70-8cf2-af07b204603c,35631c99-81d9-4714-b808-3bf48aa3350d,/api/v1/chat/completions,PUT,204,91.68,3593,4435,"{""Content-Type"": ""application/json"", ""Authorization"": ""Bearer <token>""}","{""prompt"": ""sample input""}",,,"{""Content-Type"": ""application/json""}","{""result"": ""ok""}",application/json,application/json,,,,2026-03-28 02:03:47
d44f984f-d04e-4b7e-8f52-21b923e97cde,2026-03-27 04:03:01,2026-03-27,7dbed27d-6216-49ca-8bdb-f16eeffd8948,a45703b4-5d8c-4c70-8cf2-af07b204603c,62a0a054-a5cb-4db5-b2d7-b818103c522f,/api/v1/models,POST,200,400.38,2474,4745,"{""Content-Type"": ""text/plain"", ""Authorization"": ""Bearer <token>""}","{""prompt"": ""sample input""}",,,"{""Content-Type"": ""application/json""}","{""result"": ""ok""}",text/plain,application/json,,,,2026-03-27 04:03:01
3c507dfa-a6ed-419b-85f4-597f21a00f43,2026-03-28 18:36:40,2026-03-28,7dbed27d-6216-49ca-8bdb-f16eeffd8948,a45703b4-5d8c-4c70-8cf2-af07b204603c,2a3f4b58-321d-420a-bc10-7af440cef229,/api/v1/tools/search,POST,200,230.12,6080,6825,"{""Content-Type"": ""text/plain"", ""Authorization"": ""Bearer <token>""}","{""prompt"": ""sample input""}",,,"{""Content-Type"": ""application/json""}","{""result"": ""ok""}",text/plain,application/json,,,,2026-03-28 18:36:40
9e6800b4-ad9b-4791-b5a7-8b3b79be1975,2026-03-27 16:34:07,2026-03-27,7dbed27d-6216-49ca-8bdb-f16eeffd8948,a45703b4-5d8c-4c70-8cf2-af07b204603c,5bd02cf0-f452-4af9-8ce7-578a25ba1f4d,/api/v1/files/upload,GET,200,392.39,1835,15451,"{""Content-Type"": ""multipart/form-data"", ""Authorization"": ""Bearer <token>""}",,"{""limit"": ""50""}",,"{""Content-Type"": ""application/json""}","{""result"": ""ok""}",multipart/form-data,application/json,,,,2026-03-27 16:34:07
48d62e59-bf08-4e89-a076-9a6394beebe9,2026-03-29 22:26:33,2026-03-29,7dbed27d-6216-49ca-8bdb-f16eeffd8948,a45703b4-5d8c-4c70-8cf2-af07b204603c,2a3f4b58-321d-420a-bc10-7af440cef229,/api/v1/embeddings,POST,400,7644.1,7759,157,"{""Content-Type"": ""multipart/form-data"", ""Authorization"": ""Bearer <token>""}","{""prompt"": ""sample input""}",,,"{""Content-Type"": ""application/json""}","{""error"": ""Rate limit exceeded: 429 Too Many Requests""}",multipart/form-data,application/json,,Rate limit exceeded: 429 Too Many Requests,,2026-03-29 22:26:33
ff0572e5-65e4-40ec-abaa-2d82a5597753,2026-03-29 11:20:15,2026-03-29,7dbed27d-6216-49ca-8bdb-f16eeffd8948,a45703b4-5d8c-4c70-8cf2-af07b204603c,cfee640f-3cd5-414f-87ee-e38c16dfa82c,/api/v1/models,POST,200,213.82,1564,493,"{""Content-Type"": ""text/plain"", ""Authorization"": ""Bearer <token>""}","{""prompt"": ""sample input""}",,,"{""Content-Type"": ""application/json""}","{""result"": ""ok""}",text/plain,application/json,,,,2026-03-29 11:20:15
a7fcc7a0-c771-4d09-95ca-8c7c720a8b1a,2026-03-28 23:49:18,2026-03-28,7dbed27d-6216-49ca-8bdb-f16eeffd8948,a45703b4-5d8c-4c70-8cf2-af07b204603c,5bd02cf0-f452-4af9-8ce7-578a25ba1f4d,/api/v1/files/upload,POST,500,3190.42,3890,129,"{""Content-Type"": ""application/json"", ""Authorization"": ""Bearer <token>""}","{""prompt"": ""sample input""}",,,"{""Content-Type"": ""application/json""}","{""error"": ""Upstream service unavailable""}",application/json,application/json,,Upstream service unavailable,,2026-03-28 23:49:18
cbd55455-278d-4897-a517-4853a358dacb,2026-03-29 11:37:40,2026-03-29,7dbed27d-6216-49ca-8bdb-f16eeffd8948,a45703b4-5d8c-4c70-8cf2-af07b204603c,35631c99-81d9-4714-b808-3bf48aa3350d,/api/v1/runs,POST,200,163.21,3278,949,"{""Content-Type"": ""application/json"", ""Authorization"": ""Bearer <token>""}","{""prompt"": ""sample input""}",,,"{""Content-Type"": ""application/json""}","{""result"": ""ok""}",application/json,application/json,,,,2026-03-29 11:37:40
9f1899d6-a5c7-4d93-bcf2-db7fe5ef60cd,2026-03-28 12:06:20,2026-03-28,7dbed27d-6216-49ca-8bdb-f16eeffd8948,a45703b4-5d8c-4c70-8cf2-af07b204603c,5bd02cf0-f452-4af9-8ce7-578a25ba1f4d,/api/v1/memory/retrieve,DELETE,200,72.62,1991,11428,"{""Content-Type"": ""multipart/form-data"", ""Authorization"": ""Bearer <token>""}",,,,"{""Content-Type"": ""application/json""}","{""result"": ""ok""}",multipart/form-data,application/json,,,,2026-03-28 12:06:20
569d19f1-3b2d-4a7c-b910-e72c5b836ecc,2026-03-26 03:47:34,2026-03-26,7dbed27d-6216-49ca-8bdb-f16eeffd8948,a45703b4-5d8c-4c70-8cf2-af07b204603c,cfee640f-3cd5-414f-87ee-e38c16dfa82c,/api/v1/files/upload,DELETE,200,205.72,2392,9935,"{""Content-Type"": ""text/plain"", ""Authorization"": ""Bearer <token>""}",,,,"{""Content-Type"": ""application/json""}","{""result"": ""ok""}",text/plain,application/json,,,,2026-03-26 03:47:34
05ab382a-3e65-4fbd-899c-32cc3374d076,2026-03-28 17:49:43,2026-03-28,7dbed27d-6216-49ca-8bdb-f16eeffd8948,a45703b4-5d8c-4c70-8cf2-af07b204603c,cfee640f-3cd5-414f-87ee-e38c16dfa82c,/api/v1/tools/search,POST,200,488.57,2908,12372,"{""Content-Type"": ""application/json"", ""Authorization"": ""Bearer <token>""}","{""prompt"": ""sample input""}",,,"{""Content-Type"": ""application/json""}","{""result"": ""ok""}",application/json,application/json,,,,2026-03-28 17:49:43
81ee3e69-166f-44a6-b0d7-05c7bb9f304a,2026-03-27 08:30:23,2026-03-27,7dbed27d-6216-49ca-8bdb-f16eeffd8948,a45703b4-5d8c-4c70-8cf2-af07b204603c,5bd02cf0-f452-4af9-8ce7-578a25ba1f4d,/api/v1/threads,PUT,201,410.38,7481,3624,"{""Content-Type"": ""application/json"", ""Authorization"": ""Bearer <token>""}","{""prompt"": ""sample input""}",,,"{""Content-Type"": ""application/json""}","{""result"": ""ok""}",application/json,application/json,,,,2026-03-27 08:30:23
9fa6fc4f-1816-4a37-8156-916a16a97a82,2026-03-26 22:00:02,2026-03-26,7dbed27d-6216-49ca-8bdb-f16eeffd8948,a45703b4-5d8c-4c70-8cf2-af07b204603c,2a3f4b58-321d-420a-bc10-7af440cef229,/api/v1/chat/completions,POST,400,3581.44,3723,72,"{""Content-Type"": ""text/plain"", ""Authorization"": ""Bearer <token>""}","{""prompt"": ""sample input""}",,,"{""Content-Type"": ""application/json""}","{""error"": ""Internal server error in downstream model""}",text/plain,application/json,,Internal server error in downstream model,,2026-03-26 22:00:02
b6606f64-22a4-4776-8004-aad4fc629bcc,2026-03-30 20:41:33,2026-03-30,7dbed27d-6216-49ca-8bdb-f16eeffd8948,a45703b4-5d8c-4c70-8cf2-af07b204603c,d3b8deff-d35a-447b-a48b-20b29c0683dd,/api/v1/files/upload,DELETE,200,136.29,4470,828,"{""Content-Type"": ""text/plain"", ""Authorization"": ""Bearer <token>""}",,,,"{""Content-Type"": ""application/json""}","{""result"": ""ok""}",text/plain,application/json,,,,2026-03-30 20:41:33
f02c2698-fe33-42cd-af76-993113bde618,2026-03-26 10:02:06,2026-03-26,7dbed27d-6216-49ca-8bdb-f16eeffd8948,a45703b4-5d8c-4c70-8cf2-af07b204603c,5bd02cf0-f452-4af9-8ce7-578a25ba1f4d,/api/v1/embeddings,POST,200,226.7,905,14769,"{""Content-Type"": ""multipart/form-data"", ""Authorization"": ""Bearer <token>""}","{""prompt"": ""sample input""}",,,"{""Content-Type"": ""application/json""}","{""result"": ""ok""}",multipart/form-data,application/json,,,,2026-03-26 10:02:06
b61565c7-c7d2-436b-8e3d-72cd5adc0b38,2026-03-26 22:26:36,2026-03-26,7dbed27d-6216-49ca-8bdb-f16eeffd8948,a45703b4-5d8c-4c70-8cf2-af07b204603c,e402bcb2-54aa-4f64-8461-b2da14040a0b,/api/v1/files/upload,POST,201,170.22,2555,13820,"{""Content-Type"": ""multipart/form-data"", ""Authorization"": ""Bearer <token>""}","{""prompt"": ""sample input""}",,,"{""Content-Type"": ""application/json""}","{""result"": ""ok""}",multipart/form-data,application/json,,,,2026-03-26 22:26:36
b9e7b2df-461e-4884-9dbf-c8700b25b615,2026-03-29 17:41:20,2026-03-29,7dbed27d-6216-49ca-8bdb-f16eeffd8948,a45703b4-5d8c-4c70-8cf2-af07b204603c,cfee640f-3cd5-414f-87ee-e38c16dfa82c,/api/v1/embeddings,POST,200,109.66,418,14421,"{""Content-Type"": ""multipart/form-data"", ""Authorization"": ""Bearer <token>""}","{""prompt"": ""sample input""}",,,"{""Content-Type"": ""application/json""}","{""result"": ""ok""}",multipart/form-data,application/json,,,,2026-03-29 17:41:20
bb698b86-5fdf-48af-8d63-f6c52f2d7e91,2026-03-28 10:37:36,2026-03-28,7dbed27d-6216-49ca-8bdb-f16eeffd8948,a45703b4-5d8c-4c70-8cf2-af07b204603c,e402bcb2-54aa-4f64-8461-b2da14040a0b,/api/v1/models,POST,200,46.47,3620,9186,"{""Content-Type"": ""application/json"", ""Authorization"": ""Bearer <token>""}","{""prompt"": ""sample input""}",,,"{""Content-Type"": ""application/json""}","{""result"": ""ok""}",application/json,application/json,,,,2026-03-28 10:37:36
48da8dfc-67ba-408a-8eab-1f8713136fcc,2026-03-28 04:12:43,2026-03-28,7dbed27d-6216-49ca-8bdb-f16eeffd8948,a45703b4-5d8c-4c70-8cf2-af07b204603c,35631c99-81d9-4714-b808-3bf48aa3350d,/api/v1/chat/completions,POST,502,7283.57,6602,505,"{""Content-Type"": ""multipart/form-data"", ""Authorization"": ""Bearer <token>""}","{""prompt"": ""sample input""}",,,"{""Content-Type"": ""application/json""}","{""error"": ""Memory store write conflict""}",multipart/form-data,application/json,,Memory store write conflict,,2026-03-28 04:12:43
6d9280b7-5408-4bb0-9fdd-40fa64b31f14,2026-03-27 14:32:07,2026-03-27,7dbed27d-6216-49ca-8bdb-f16eeffd8948,a45703b4-5d8c-4c70-8cf2-af07b204603c,2a3f4b58-321d-420a-bc10-7af440cef229,/api/v1/threads/messages,PUT,200,549.45,4973,5099,"{""Content-Type"": ""text/plain"", ""Authorization"": ""Bearer <token>""}","{""prompt"": ""sample input""}",,,"{""Content-Type"": ""application/json""}","{""result"": ""ok""}",text/plain,application/json,,,,2026-03-27 14:32:07
bf9874f9-7341-4261-b4a1-06b138de81b0,2026-03-30 09:48:21,2026-03-30,7dbed27d-6216-49ca-8bdb-f16eeffd8948,a45703b4-5d8c-4c70-8cf2-af07b204603c,2a3f4b58-321d-420a-bc10-7af440cef229,/api/v1/chat/completions,POST,200,117.74,1897,935,"{""Content-Type"": ""application/json"", ""Authorization"": ""Bearer <token>""}","{""prompt"": ""sample input""}",,,"{""Content-Type"": ""application/json""}","{""result"": ""ok""}",application/json,application/json,,,,2026-03-30 09:48:21
6255a429-bc52-4e9c-aa57-9dfac53c2b9f,2026-03-28 19:04:49,2026-03-28,7dbed27d-6216-49ca-8bdb-f16eeffd8948,a45703b4-5d8c-4c70-8cf2-af07b204603c,5bd02cf0-f452-4af9-8ce7-578a25ba1f4d,/api/v1/threads,POST,200,57.14,4288,16329,"{""Content-Type"": ""text/plain"", ""Authorization"": ""Bearer <token>""}","{""prompt"": ""sample input""}",,,"{""Content-Type"": ""application/json""}","{""result"": ""ok""}",text/plain,application/json,,,,2026-03-28 19:04:49
f0c7affe-c02f-446c-8060-7cd4413a6514,2026-03-29 02:48:38,2026-03-29,7dbed27d-6216-49ca-8bdb-f16eeffd8948,a45703b4-5d8c-4c70-8cf2-af07b204603c,2a3f4b58-321d-420a-bc10-7af440cef229,/api/v1/models,POST,401,2441.28,3031,160,"{""Content-Type"": ""text/plain"", ""Authorization"": ""Bearer <token>""}","{""prompt"": ""sample input""}",,,"{""Content-Type"": ""application/json""}","{""error"": ""Internal server error in downstream model""}",text/plain,application/json,,Internal server error in downstream model,,2026-03-29 02:48:38
b48365dc-287a-4ca0-8eb4-b6db8f68a4b7,2026-03-30 07:15:28,2026-03-30,7dbed27d-6216-49ca-8bdb-f16eeffd8948,a45703b4-5d8c-4c70-8cf2-af07b204603c,cfee640f-3cd5-414f-87ee-e38c16dfa82c,/api/v1/chat/completions,GET,503,2546.96,1350,345,"{""Content-Type"": ""application/json"", ""Authorization"": ""Bearer <token>""}",,"{""limit"": ""50""}",,"{""Content-Type"": ""application/json""}","{""error"": ""Memory store write conflict""}",application/json,application/json,,Memory store write conflict,,2026-03-30 07:15:28
c0115be3-6f23-4ed1-9355-907c998381ea,2026-03-28 01:49:31,2026-03-28,7dbed27d-6216-49ca-8bdb-f16eeffd8948,a45703b4-5d8c-4c70-8cf2-af07b204603c,2a3f4b58-321d-420a-bc10-7af440cef229,/api/v1/threads,POST,200,205.42,1081,14889,"{""Content-Type"": ""application/json"", ""Authorization"": ""Bearer <token>""}","{""prompt"": ""sample input""}",,,"{""Content-Type"": ""application/json""}","{""result"": ""ok""}",application/json,application/json,,,,2026-03-28 01:49:31
850d81a4-6aa4-4287-9fbc-59ee173187cf,2026-03-26 17:07:41,2026-03-26,7dbed27d-6216-49ca-8bdb-f16eeffd8948,a45703b4-5d8c-4c70-8cf2-af07b204603c,35631c99-81d9-4714-b808-3bf48aa3350d,/api/v1/threads,POST,200,68.9,2664,2777,"{""Content-Type"": ""multipart/form-data"", ""Authorization"": ""Bearer <token>""}","{""prompt"": ""sample input""}",,,"{""Content-Type"": ""application/json""}","{""result"": ""ok""}",multipart/form-data,application/json,,,,2026-03-26 17:07:41
0de1f436-f2d3-4581-9e4b-076735cef3ba,2026-03-27 22:51:55,2026-03-27,7dbed27d-6216-49ca-8bdb-f16eeffd8948,a45703b4-5d8c-4c70-8cf2-af07b204603c,2a3f4b58-321d-420a-bc10-7af440cef229,/api/v1/runs,POST,204,426.19,6766,15086,"{""Content-Type"": ""application/json"", ""Authorization"": ""Bearer <token>""}","{""prompt"": ""sample input""}",,,"{""Content-Type"": ""application/json""}","{""result"": ""ok""}",application/json,application/json,,,,2026-03-27 22:51:55
40f2199f-a2dc-42c2-a222-cf2787865ea0,2026-03-26 09:20:33,2026-03-26,7dbed27d-6216-49ca-8bdb-f16eeffd8948,a45703b4-5d8c-4c70-8cf2-af07b204603c,cfee640f-3cd5-414f-87ee-e38c16dfa82c,/api/v1/runs,POST,200,139.31,342,5388,"{""Content-Type"": ""application/json"", ""Authorization"": ""Bearer <token>""}","{""prompt"": ""sample input""}",,,"{""Content-Type"": ""application/json""}","{""result"": ""ok""}",application/json,application/json,,,,2026-03-26 09:20:33
07b8510f-db54-4a04-8378-7042f1a162b7,2026-03-28 02:32:10,2026-03-28,7dbed27d-6216-49ca-8bdb-f16eeffd8948,a45703b4-5d8c-4c70-8cf2-af07b204603c,62a0a054-a5cb-4db5-b2d7-b818103c522f,/api/v1/models,POST,429,5855.78,3180,340,"{""Content-Type"": ""application/json"", ""Authorization"": ""Bearer <token>""}","{""prompt"": ""sample input""}",,,"{""Content-Type"": ""application/json""}","{""error"": ""Thread lock timeout exceeded""}",application/json,application/json,,Thread lock timeout exceeded,,2026-03-28 02:32:10
8156ef05-c0b2-4256-9394-0751da795cf6,2026-03-29 08:59:46,2026-03-29,7dbed27d-6216-49ca-8bdb-f16eeffd8948,a45703b4-5d8c-4c70-8cf2-af07b204603c,e402bcb2-54aa-4f64-8461-b2da14040a0b,/api/v1/chat/completions,DELETE,200,569.79,702,2291,"{""Content-Type"": ""text/plain"", ""Authorization"": ""Bearer <token>""}",,,,"{""Content-Type"": ""application/json""}","{""result"": ""ok""}",text/plain,application/json,,,,2026-03-29 08:59:46
7f02a358-2431-4202-b576-54c555135bae,2026-03-26 22:32:11,2026-03-26,7dbed27d-6216-49ca-8bdb-f16eeffd8948,a45703b4-5d8c-4c70-8cf2-af07b204603c,d3b8deff-d35a-447b-a48b-20b29c0683dd,/api/v1/chat/completions,GET,200,68.44,980,15014,"{""Content-Type"": ""text/plain"", ""Authorization"": ""Bearer <token>""}",,"{""limit"": ""50""}",,"{""Content-Type"": ""application/json""}","{""result"": ""ok""}",text/plain,application/json,,,,2026-03-26 22:32:11
f6f85471-944c-4856-a485-769e03cdafea,2026-03-26 17:05:29,2026-03-26,7dbed27d-6216-49ca-8bdb-f16eeffd8948,a45703b4-5d8c-4c70-8cf2-af07b204603c,35631c99-81d9-4714-b808-3bf48aa3350d,/api/v1/files/upload,PUT,200,341.16,4628,14043,"{""Content-Type"": ""application/json"", ""Authorization"": ""Bearer <token>""}","{""prompt"": ""sample input""}",,,"{""Content-Type"": ""application/json""}","{""result"": ""ok""}",application/json,application/json,,,,2026-03-26 17:05:29
9438cb48-0e07-475e-a64e-35a9f7dc4e07,2026-03-27 02:51:05,2026-03-27,7dbed27d-6216-49ca-8bdb-f16eeffd8948,a45703b4-5d8c-4c70-8cf2-af07b204603c,5bd02cf0-f452-4af9-8ce7-578a25ba1f4d,/api/v1/memory/retrieve,GET,204,302.62,6820,4048,"{""Content-Type"": ""text/plain"", ""Authorization"": ""Bearer <token>""}",,"{""limit"": ""50""}",,"{""Content-Type"": ""application/json""}","{""result"": ""ok""}",text/plain,application/json,,,,2026-03-27 02:51:05
45e1d6f4-8272-4e5e-8dc9-a26343dbddee,2026-03-28 22:05:29,2026-03-28,7dbed27d-6216-49ca-8bdb-f16eeffd8948,a45703b4-5d8c-4c70-8cf2-af07b204603c,cfee640f-3cd5-414f-87ee-e38c16dfa82c,/api/v1/threads,GET,200,364.78,2557,2368,"{""Content-Type"": ""multipart/form-data"", ""Authorization"": ""Bearer <token>""}",,"{""limit"": ""50""}",,"{""Content-Type"": ""application/json""}","{""result"": ""ok""}",multipart/form-data,application/json,,,,2026-03-28 22:05:29
99b3f10a-dcb6-4fa9-9980-a61679564774,2026-03-28 19:17:32,2026-03-28,7dbed27d-6216-49ca-8bdb-f16eeffd8948,a45703b4-5d8c-4c70-8cf2-af07b204603c,cfee640f-3cd5-414f-87ee-e38c16dfa82c,/api/v1/threads,DELETE,200,526.5,3157,14709,"{""Content-Type"": ""text/plain"", ""Authorization"": ""Bearer <token>""}",,,,"{""Content-Type"": ""application/json""}","{""result"": ""ok""}",text/plain,application/json,,,,2026-03-28 19:17:32
59b6aef1-c056-401d-a4ed-e91df4a75efd,2026-03-27 05:04:07,2026-03-27,7dbed27d-6216-49ca-8bdb-f16eeffd8948,a45703b4-5d8c-4c70-8cf2-af07b204603c,62a0a054-a5cb-4db5-b2d7-b818103c522f,/api/v1/files/upload,POST,201,88.55,5676,12324,"{""Content-Type"": ""multipart/form-data"", ""Authorization"": ""Bearer <token>""}","{""prompt"": ""sample input""}",,,"{""Content-Type"": ""application/json""}","{""result"": ""ok""}",multipart/form-data,application/json,,,,2026-03-27 05:04:07
a6a6aeef-5e51-4c3e-ba6f-ddb5d4bf4a30,2026-03-30 03:10:15,2026-03-30,7dbed27d-6216-49ca-8bdb-f16eeffd8948,a45703b4-5d8c-4c70-8cf2-af07b204603c,5bd02cf0-f452-4af9-8ce7-578a25ba1f4d,/api/v1/threads,POST,201,43.59,5769,12716,"{""Content-Type"": ""application/json"", ""Authorization"": ""Bearer <token>""}","{""prompt"": ""sample input""}",,,"{""Content-Type"": ""application/json""}","{""result"": ""ok""}",application/json,application/json,,,,2026-03-30 03:10:15
65f3ffe0-4994-444c-b98d-f9a55eb2f6ca,2026-03-26 12:32:30,2026-03-26,7dbed27d-6216-49ca-8bdb-f16eeffd8948,a45703b4-5d8c-4c70-8cf2-af07b204603c,5bd02cf0-f452-4af9-8ce7-578a25ba1f4d,/api/v1/threads,POST,200,245.78,1217,7790,"{""Content-Type"": ""multipart/form-data"", ""Authorization"": ""Bearer <token>""}","{""prompt"": ""sample input""}",,,"{""Content-Type"": ""application/json""}","{""result"": ""ok""}",multipart/form-data,application/json,,,,2026-03-26 12:32:30
193cf4c3-e6a2-4084-834e-051c1138eea8,2026-03-26 18:26:24,2026-03-26,7dbed27d-6216-49ca-8bdb-f16eeffd8948,a45703b4-5d8c-4c70-8cf2-af07b204603c,5bd02cf0-f452-4af9-8ce7-578a25ba1f4d,/api/v1/threads,POST,200,117.13,6309,11552,"{""Content-Type"": ""application/json"", ""Authorization"": ""Bearer <token>""}","{""prompt"": ""sample input""}",,,"{""Content-Type"": ""application/json""}","{""result"": ""ok""}",application/json,application/json,,,,2026-03-26 18:26:24
0233ac02-34fb-4bf6-964a-f4599e7e61b2,2026-03-28 13:34:37,2026-03-28,7dbed27d-6216-49ca-8bdb-f16eeffd8948,a45703b4-5d8c-4c70-8cf2-af07b204603c,62a0a054-a5cb-4db5-b2d7-b818103c522f,/api/v1/tools/search,PUT,200,384.82,349,9884,"{""Content-Type"": ""text/plain"", ""Authorization"": ""Bearer <token>""}","{""prompt"": ""sample input""}",,,"{""Content-Type"": ""application/json""}","{""result"": ""ok""}",text/plain,application/json,,,,2026-03-28 13:34:37
e7746033-1146-40cc-abb3-250a70ff2b83,2026-03-28 20:24:31,2026-03-28,7dbed27d-6216-49ca-8bdb-f16eeffd8948,a45703b4-5d8c-4c70-8cf2-af07b204603c,d3b8deff-d35a-447b-a48b-20b29c0683dd,/api/v1/threads/messages,POST,200,195.39,6855,2373,"{""Content-Type"": ""multipart/form-data"", ""Authorization"": ""Bearer <token>""}","{""prompt"": ""sample input""}",,,"{""Content-Type"": ""application/json""}","{""result"": ""ok""}",multipart/form-data,application/json,,,,2026-03-28 20:24:31
